b_rf_wins,c_phpmd_wins,discordant_total,statistic,pvalue,significant_p05,cohens_g,phpmd_f1_macro,rf_f1_macro,phpmd_mcc,rf_mcc
514,4,518,4.0,6.965269063311368e-147,True,0.4922779922779923,0.4740919609618674,0.9973144998614349,0.0,0.9946341694072259
